Year;Maximum Water Height (m);Total Deaths;Total Damage ($Mil);Total Houses Destroyed;Total Houses Damaged;Country
1800;;;;;;PORTUGAL
1802;;;;;;CROATIA
1802;;;;;;ANTIGUA AND BARBUDA
1802;;;;;;UK
1802;;;;;;VENEZUELA
1802;;;;;;INDONESIA
1802;;;;1100;;ALGERIA
1802;;19;;1060;;JAPAN
1804;;;;;;GREECE
1804;;;;;;SPAIN
1804;;;;;;GREECE
1804;1;450;;10810;300;JAPAN
1804;;;;;;ITALY
1805;;;;;;GREECE
1805;5;;;1;;AUSTRALIA
1805;;;;;;ITALY
1806;;;;;;USA
1806;;;;;;ITALY
1806;1;;;;;PERU
1806;1.5;;;;;FRENCH POLYNESIA
1808;0.15;2;;;;ITALY
1808;1.5;;;;;JAPAN
1808;;;;;;JAPAN
1809;;;;;;ITALY
1809;;;;;;PORTUGAL
1809;;;;;;SOUTH AFRICA
1809;;;;;;USA TERRITORY
1810;;;;;;GREECE
1810;;;;;;MEXICO
1810;1;57;;1084;;JAPAN
1810;;;;;;NEW ZEALAND
1810;;;;;;NORWAY
1811;4;;;;;CHILE
1811;;;;;;USA
1811;;;;;;USA
1812;;;;;;USA
1812;;;;;;USA
1812;;26000;;;;VENEZUELA
1812;;;;;;FRANCE
1812;;;;;;JAMAICA
1812;3.4;1;;;;USA
1812;;;;;;USA
1813;;;;;;ITALY
1813;;;;;;USA
1814;;;;;;INDONESIA
1815;4;60000;;;;INDONESIA
1815;;;;;;INDONESIA
1815;;11453;;;;INDONESIA
1816;;;;;;PORTUGAL
1816;;;;;;INDONESIA
1816;;;;;;JAPAN
1817;;;;;;GREECE
1817;0.3;;;;;USA
1817;;;;;;ITALY
1817;5;;;;;GREECE
1818;;;;;;GREECE
1818;;72;;;;ITALY
1818;;;;;;ITALY
1818;;;;;;INDONESIA
1818;3.5;;;;;INDONESIA
1818;;;;;;ITALY
1819;;;;;;ITALY
1819;4;;;;;CHILE
1819;;1543;;1547;;INDIA
1819;;;;;;NORWAY
1819;;;;;;USA TERRITORY
1820;;;;;;USA
1820;;;;;;GREECE
1820;4;;;;;MEXICO
1820;;;;;;ITALY
1820;;8;;79;;GREECE
1820;25;500;;;;INDONESIA
1820;;;;;;USA
1820;;;;;;CONGO
1821;;;;;;GREECE
1821;;;;;;COSTA RICA
1821;;3;;;;UK TERRITORY
1821;;;;;;USA
1821;;;;;;INDONESIA
1822;;;;;;LEBANON
1822;;;;;;ITALY
1822;;;;;;COSTA RICA
1822;;8000;;;;TURKEY
1822;3.6;72;;;;CHILE
1823;;;;;;ITALY
1823;2.74;;;;;USA
1823;;;;;;CROATIA
1823;0.3;;;;;INDONESIA
1823;;;;;;CROATIA
1823;;;;;;MARTINIQUE (FRENCH TERRITORY)
1824;;;;;;GUADELOUPE (FRENCH TERRITORY)
1824;;;;;;PHILIPPINES
1824;;;;;;MARTINIQUE (FRENCH TERRITORY)
1825;;;;;;DENMARK
1825;;58;;;;GREECE
1825;;;;;;COLOMBIA
1825;;;;;;USA
1825;;;;;;USA TERRITORY
1825;;;;;;TRINIDAD AND TOBAGO
1826;;;;;;JAPAN
1826;;;;;;ITALY
1826;;;;;;USA
1826;;;;;;NEW ZEALAND
1827;;;;;;USA
1827;;;;;;USA
1827;;;;;;RUSSIA
1827;;;;;;ECUADOR
1827;;;;;;USA
1828;;;;;;PERU
1828;;;;;;JAPAN
1828;;;;;;ITALY
1828;;;;;;PHILIPPINES
1828;;1443;;11750;;JAPAN
1828;;;;;;INDONESIA
1829;;;;;;TURKEY
1829;;;;;;CHILE
1830;;;;;;HOLLAND
1830;1;;;;;PHILIPPINES
1830;;;;;;PHILIPPINES
1831;;;;;;ITALY
1831;;;;;;ITALY
1831;;;;;;TRINIDAD AND TOBAGO
1831;;;;;;NEW ZEALAND
1832;;234;;;;ITALY
1833;;;;;;ALBANIA
1833;;;;;;MEXICO
1833;;6700;;87620;;CHINA
1833;9;700;;1001;;PERU
1833;;;;;;INDONESIA
1833;9;85;;1140;1790;JAPAN
1834;;;;73;;JAPAN
1834;;;;;;MEXICO
1835;24;53;;;;CHILE
1835;;;;;;GREECE
1835;5;;;;;JAPAN
1835;;;;;;JAPAN
1836;;;;;;AUSTRALIA
1836;;;;;;INDONESIA
1836;;589;;;;ITALY
1836;;;;;;CHILE
1836;;;;;;JAPAN
1836;;;;;;INDONESIA
1837;;;;;;ISRAEL
1837;;;;;;NETHERLANDS
1837;;;;;;USA TERRITORY
1837;;;;;;MEXICO
1837;;;;;;INDONESIA
1837;;;;;;MEXICO
1837;;;;;;MICRONESIA, FED. STATES OF
1837;6;16;;;;CHILE
1838;0.8;;;;;CHILE
1838;;;;;;CROATIA
1839;;;;;;CHILE
1839;;;;;;USA
1839;;;;;;JAPAN
1839;;;;;;NEW ZEALAND
1840;;;;;;INDONESIA
1840;;;;;;USA
1840;;;;;;PERU
1840;;;;500;;INDONESIA
1840;;52;;;;PHILIPPINES
1840;;;;;;NEW ZEALAND
1840;1;;;;;NEW ZEALAND
1840;;;;;;USA
1840;;;;;;USA
1841;15;;;;;RUSSIA
1841;3;;;;;INDONESIA
1841;1.5;;;;;INDONESIA
1841;;;;;;PERU
1842;5;5300;;;;HAITI
1842;;;;;;CANADA
1842;;;;;;BANGLADESH
1843;;;;;;INDONESIA
1843;;;;;;INDONESIA
1843;1.2;5000;;;;GUADELOUPE (FRENCH TERRITORY)
1843;;;;;;GUADELOUPE (FRENCH TERRITORY)
1843;4.5;45;;75;;JAPAN
1843;;;;;;UK
1843;;;;;;NEW ZEALAND
1843;;;;;;CROATIA
1843;;;;;;GREECE
1844;;;;;;CROATIA
1844;;;;;;JAPAN
1844;;;;;;CROATIA
1844;;;;;;NICARAGUA
1845;;118;;;;INDONESIA
1845;;;;;;MEXICO
1845;;;;;;ITALY
1845;;;;;;INDIA
1845;1;;;;;NEW ZEALAND
1845;;;;;;CROATIA
1845;;;;;;JAPAN
1845;;100;;;;USA
1846;1.2;;;;;INDONESIA
1846;2;;;;;JAPAN
1846;;;;;;NEW ZEALAND
1846;;;;;;TURKEY
1846;;56;;;;ITALY
1846;;;;;;ITALY
1846;;;;;;ITALY
1846;;;;;;ITALY
1846;;;;;;ITALY
1846;;;;;;ITALY
1846;;;;;;ITALY
1846;;;;;;ITALY
1846;;;;;;ITALY
1846;;;;;;ITALY
1846;;;;;;ITALY
1846;;;;;;TURKEY
1847;;;;;;ITALY
1847;;;;;;ITALY
1847;;;;;;ITALY
1847;2;;;;;PERU
1847;7;10;;;;PORTUGAL
1847;;;;;;ITALY
1847;;335;;;;JAPAN
1847;;;;;;CHILE
1847;;;;;;INDIA
1848;;;;;;RUSSIA
1848;;;;;;FRENCH POLYNESIA
1848;;;;;;CANADA
1848;0.3;;;;;NEW ZEALAND
1848;;;;;;NEW ZEALAND
1848;;3;;;;NEW ZEALAND
1849;6.1;;;;;USA TERRITORY
1849;;;;;;RUSSIA
1849;5;;;;;CHILE
1850;;;;;;ITALY
1850;;;;;;ITALY
1850;2;;;;;JAPAN
1850;;;;;;ITALY
1850;;;;;;NORTHWEST PACIFIC OCEAN
1851;;;;;;GREECE
1851;0.9;;;;;TURKEY
1851;;;;;;CHILE
1851;;;;;;TURKEY
1851;1.5;;;;;INDONESIA
1851;;;;;;USA
1851;;;;;;GREECE
1851;3;;;;;CHILE
1851;;;;;;ITALY
1851;0.66;2000;;;;ALBANIA
1851;;;;;;USA
1851;;;;;;ITALY
1852;;;;;;INDONESIA
1852;;;;;;ITALY
1852;;;;;;TURKEY
1852;;;;;;ITALY
1852;;;;;;CUBA
1852;;;;;;TURKEY
1852;;3;;;;PHILIPPINES
1852;;;;;;INDONESIA
1852;;;;;;ITALY
1852;;;;;;INDONESIA
1852;;;;;;INDONESIA
1852;;;;;;INDONESIA
1852;;;;;;INDONESIA
1852;;;;;;USA
1852;8;60;;;;INDONESIA
1852;;;;;;PERU
1852;3;;;;;MEXICO
1852;;1;;;;MEXICO
1852;;;;;;INDONESIA
1852;1.2;;;;;AUSTRALIA
1853;;;;;;ITALY
1853;5;1000;;;;VENEZUELA
1853;;17;;;;GREECE
1853;;;;;;JAPAN
1853;;;;;;TAIWAN
1853;;;;;;RUSSIA
1853;1;;;;;MONTENEGRO
1853;;;;;;TONGA
1853;120;;;;;USA
1854;;;;;;INDONESIA
1854;;;;;;NORTHWEST PACIFIC OCEAN
1854;2.4;;;;;USA
1854;;;;;;FRANCE
1854;;;;;;USA
1854;;;;;;RUSSIA
1854;;;;;;RUSSIA
1854;0.1;;;;;USA
1854;;;;;;COSTA RICA
1854;;;;;;COSTA RICA
1854;0.03;;;;;USA
1854;;;;;;INDONESIA
1854;0.03;;;;;USA
1854;;;;;;USA
1854;;;;;;USA
1854;;;;;;USA
1854;;;;;;USA
1854;;;;;;MEXICO
1854;21;1000;;8900;;JAPAN
1854;28;3000;;20000;;JAPAN
1854;;;;;;FRANCE
1855;11;;;;;NEW ZEALAND
1855;;;;;;NEW ZEALAND
1855;;;;;;NEW ZEALAND
1855;;;;;;TURKEY
1855;10;;;;;PORTUGAL
1855;;;;;;USA
1855;;;;;;INDONESIA
1855;;;;;;FRANCE
1855;;;;1;26;USA
1855;;;;;;CHILE
1855;;;;;;HONDURAS
1855;;;;;;USA
1855;3;;;;;JAPAN
1855;;6757;;50000;;JAPAN
1855;;;;;;JAPAN
1855;3;;;;;CHINA
1856;10;;;;;PORTUGAL
1856;0.6;;;;;USA
1856;;2806;;;;INDONESIA
1856;1;;;;;NEW ZEALAND
1856;;;;;;INDONESIA
1856;;;;;;USA
1856;5;;;;;HONDURAS
1856;3.75;5;;;;ALGERIA
1856;5;8;;;;ALGERIA
1856;6;26;;193;238;JAPAN
1856;;;;;;JAPAN
1856;;538;;8000;;GREECE
1856;;;;;;GREECE
1857;;;;;;SUDAN
1857;;;;;;PAPUA NEW GUINEA
1857;3.4;36;;;;INDONESIA
1857;;;;;;ALGERIA
1857;;;;;;JAPAN
1857;;;;;;TURKEY
1857;;;;;;INDONESIA
1857;;;;;;INDONESIA
1858;;;;;;AUSTRALIA
1858;;;;;;GREECE
1858;;;;;;CHILE
1858;2.4;;;;;UK
1858;;;;;;NEW ZEALAND
1858;;;;;;NEW ZEALAND
1858;;;;;;JAPAN
1858;;;;;;INDONESIA
1859;10;;;;;INDONESIA
1859;;;;;;INDONESIA
1859;1;;;;;INDONESIA
1859;;;;;;TURKEY
1859;;;;;;EL SALVADOR
1859;4.6;;;;;USA
1859;;;;;;INDONESIA
1859;6;10;;339;;CHILE
1859;;;;200;;CHILE
1859;;2;;;;INDONESIA
1859;;;;;;GREECE
1859;;;;;;INDONESIA
1859;;;;;;AUSTRALIA
1859;;;;;;EL SALVADOR
1859;;;;;;INDONESIA
1859;;;;;;INDONESIA
1860;;;;;;SPAIN
1860;;;;;;MEXICO
1860;;;;;;HAITI
1860;;;;;;PERU
1860;;;;;;INDONESIA
1860;;;;;;INDONESIA
1860;3.6;;;;;USA
1861;7;1105;;;;INDONESIA
1861;;;;;;INDONESIA
1861;;950;;96;;INDONESIA
1861;;;;;;CHILE
1861;1.8;;;;;INDONESIA
1861;;;;;;INDONESIA
1861;;;;;;USA
1861;;;;;;USA
1861;;;;;;INDONESIA
1861;;;;;;INDONESIA
1861;;;;;;INDONESIA
1861;3.9;;;70;;JAPAN
1861;2.1;;;;;GREECE
1862;;;;;;GREECE
1862;;;;;;USA
1862;;;;;;PHILIPPINES
1862;;;;;;FRANCE
1862;2.1;;;;;INDONESIA
1862;1.2;;;;;USA
1862;;3;;;;GHANA
1862;;;;;;ITALY
1863;;;;;;INDONESIA
1863;;300;;2050;;GREECE
1863;;400;;1172;;PHILIPPINES
1863;;;;;;VANUATU
1863;;;;;;JAPAN
1863;;;;;;CANADA
1864;;;;;;INDONESIA
1864;;;;;;HAITI
1864;3;250;;;;INDONESIA
1864;;;;;;CANADA
1865;2;5;;;;PERU
1865;;;;;;PERU
1865;;;;;;JAPAN
1865;;;;;;USA
1865;;;;;;USA
1865;;;0.5;;;USA
1865;;;;;;PHILIPPINES
1865;;;;223;;PHILIPPINES
1865;1.25;;;20;;TONGA
1865;;;;;;PERU
1866;;60;;;;ALBANIA
1866;;;;;;ALBANIA
1866;;;;;;GREECE
1866;;;;52;;GREECE
1866;;;;;;GREECE
1866;8.6;;;;;GREECE
1866;;60;;12;;ALBANIA
1866;;;;;;ALBANIA
1866;;;;;;ALBANIA
1866;;;;;;AUSTRALIA
1866;;;;;;AUSTRALIA
1866;;;;;;USA
1866;;;;;;USA TERRITORY
1866;;;;;;GREECE
1866;;;;;;USA
1867;;;;;;GREECE
1867;;563;;5915;5500;GREECE
1867;;16;;7;;ITALY
1867;;;;;;GREECE
1867;;;;;;NORWAY
1867;;5;;372;;INDONESIA
1867;;;;;;AUSTRALIA
1867;6;;;;;GREECE
1867;;;;;;VENEZUELA
1867;;;;;;GREECE
1867;15.2;24;;;;USA TERRITORY
1867;;;;;;GREECE
1867;15;580;;;;TAIWAN
1868;1.5;;;;;USA TERRITORY
1868;13.7;77;;;;USA
1868;;;;;;USA
1868;;;;;;USA
1868;;;;;;USA
1868;;;;;;UK
1868;6.1;;;;;USA
1868;;;;;;ITALY
1868;;;;;;MEXICO
1868;;;;;;USA
1868;;;;;;PERU
1868;;;;;;MEXICO
1868;18;25000;300;;;CHILE
1868;;;;;;VENEZUELA
1868;0.17;;;;;CHILE
1868;4;;;;;INDIA
1868;;;;;;ITALY
1868;1;;;;;CHILE
1868;6.1;;;;;USA
1868;;;;;;PERU
1868;1;;;;;CHILE
1868;3;;;;;NEW ZEALAND
1868;4.5;30;0.35;;;USA
1869;;;;;;NEW ZEALAND
1869;;;;;;CHILE
1869;;;;;;CHILE
1869;;;;;;USA
1869;;;;;;USA
1869;0.6;;;;;NEW ZEALAND
1869;;;;;;NEW ZEALAND
1869;;;;;;PERU
1869;;;;;;USA
1869;;;;;;CHILE
1869;8.2;;;;;USA
1869;3;;;;;CHILE
1869;;;;;;AUSTRALIA
1869;;;;;;PHILIPPINES
1869;;;;;;PERU
1869;;;;;;CHILE
1869;2;;;;;CHILE
1869;;;;;;GREECE
1869;;;;;;UKRAINE
1869;;;;;;GREECE
1870;0.6;;;;;NEW ZEALAND
1870;;;;;;NEW ZEALAND
1870;;24;;;;MEXICO
1870;;;;;;GUADELOUPE (FRENCH TERRITORY)
1870;;;;;;EGYPT
1870;;;;;;CROATIA
1870;;100;;;;GREECE
1870;;;;;;CROATIA
1870;;;;;;AUSTRALIA
1870;;2;;16;;CANADA
1870;;;;;;ITALY
1870;;;;;;ITALY
1871;;;;;;ITALY
1871;;;;;;PERU
1871;0.3;;;;;MEXICO
1871;;;;;;USA
1871;;;;;;USA
1871;25;400;;75;;INDONESIA
1871;1;;;;;CHILE
1871;;;;;;NEW ZEALAND
1871;;;;;;PHILIPPINES
1871;;;;;;USA
1871;;;;;;CHILE
1871;;;;;;PERU
1871;;;;;;INDONESIA
1871;;;;;;NEW ZEALAND
1871;;;;;;FRANCE
1871;;;;;;CHILE
1871;;;;;;GREECE
1871;;;;;;CHILE
1872;;;;;;PERU
1872;;;;;;USA
1872;;;;;;USA
1872;;;;;;PHILIPPINES
1872;3;804;;5796;;JAPAN
1872;;;;;;USA
1872;;1800;;;;TURKEY
1872;0.6;;;;;USA
1872;1.3;;;;;USA
1872;;;;;;USA
1872;0.1;;;;;USA
1872;0.51;;;;;USA
1872;;;;;;ICELAND
1872;;;;;;JAPAN
1873;;;;;;CHILE
1873;;;;;;PANAMA
1873;;;;;;GREECE
1873;;;;;;CHILE
1873;3.05;;;;;USA
1873;;;;;;PAPUA NEW GUINEA
1874;;;;;;USA TERRITORY
1874;;2000;;;;BANGLADESH
1874;24.38;;;;;USA
1874;;;;;;INDONESIA
1874;;;;;;AUSTRALIA
1875;;;;;;MEXICO
1875;;;;;;ITALY
1875;4;25;;;;NEW CALEDONIA
1875;;;;;;VANUATU
1875;;;;;;USA
1875;;;;;;PAPUA NEW GUINEA
1876;0.3;;;;;INDONESIA
1876;;;;;;JAPAN
1876;;;;;;ITALY
1876;;;;;;INDIA
1877;;;;;;USA
1877;;;;;;USA
1877;1.8;;;;;USA
1877;;;;;;USA
1877;24;2385;;;;CHILE
1877;;;;;;PERU
1877;;;;;;CHILE
1877;;;;;;CHILE
1877;1;;;;;CHILE
1877;;;;;;CHILE
1877;;;;;;VIETNAM
1877;;;;;;CHILE
1877;;;;;;COLOMBIA
1877;;;;;;NEW ZEALAND
1878;12;;;;;VANUATU
1878;;;;;;USA
1878;3.6;;;3;;USA
1878;;;;;;CHILE
1878;;5;;;;PERU
1878;;;;;;CHILE
1878;;;;;;CHILE
1878;;1;;;;PAPUA NEW GUINEA
1878;;;;;;PERU
1878;;;;;;VANUATU
1878;;;;;;CHILE
1878;;;;;;CHILE
1878;;;;;;CHILE
1878;;40;;;;TURKEY
1878;;;;;;CHILE
1878;;;;;;CHILE
1878;;;;;;USA
1878;;;;;;INDONESIA
1878;;;;;;VANUATU
1878;;;;;;CHILE
1878;;;;;;RUSSIA
1878;1;1;;;;USA
1878;;;;;;CHILE
1879;;;;;;ITALY
1879;0.9;;;;;NEW ZEALAND
1879;;;;;;EGYPT
1879;;;;;;CROATIA
1879;;;;;;CHILE
1879;;;;;;USA
1879;;;;;;USA
1880;;;;;;NORWAY
1880;;;;;;ITALY
1880;;20;;;;PHILIPPINES
1880;;2;;600;;CHILE
1880;;;;;;GREECE
1880;;;;;;NEW ZEALAND
1880;0.08;;;;;AUSTRALIA
1880;;;;;;USA
1880;1.8;;;;;USA
1880;;;;;;JAPAN
1881;;7866;;;;GREECE
1881;;;;;;GREECE
1881;3;;;;;NEW ZEALAND
1881;0.46;;;;;FIJI
1881;1.4;;;;;CHILE
1881;0.46;;;;;JAMAICA
1881;;;;;;JAPAN
1881;;;;;;CHILE
1881;;;;;;TONGA
1881;2;;;;;GREECE
1881;1.22;;;;;INDIA
1882;;;;;;SRI LANKA
1882;;;;;;CHILE
1882;1.2;;;;;NEW ZEALAND
1882;;;;;;VIETNAM
1882;3;;;;;PANAMA
1882;;;;;;CHILE
1882;;;;;;INDONESIA
1882;;8;;40;;TAIWAN
1882;;;;;;CHINA
1883;;;;;;MEXICO
1883;;;;;;SAMOA
1883;;;;;;INDONESIA
1883;;;;;;INDONESIA
1883;;;;;;GREECE
1883;41;36417;;;;INDONESIA
1883;9.14;8;;;;USA
1883;;;;;;INDONESIA
1883;;;;;;USA
1884;;;;;;URUGUAY
1884;;;;;;USA
1884;;;;;;FIJI
1884;;;;;;INDONESIA
1884;;;;;;ERITREA
1884;1.8;;;;;USA
1884;;;;;;USA
1884;;;;;;PANAMA
1884;0.1;;;;;USA
1884;;;;;;JAPAN
1884;2.4;;;;;USA
1885;;;;;;FRANCE
1885;;;;;;ALGERIA
1885;1.2;;;3;;INDONESIA
1885;;;;;;INDONESIA
1885;;;;;;INDONESIA
1885;1;;;;;CHILE
1885;;;;;;USA
1885;;;;;;USA
1885;;;;;;INDONESIA
1886;;;;;;INDONESIA
1886;0.3;;;;;NEW ZEALAND
1886;;;;;;GREECE
1886;;;;;;CHILE
1886;;;;;;USA
1886;;;;;;NEW ZEALAND
1886;;;;;;BANGLADESH
1887;;;;;;PHILIPPINES
1887;;;;;;USA
1887;2;;;;;ITALY
1887;;51;;;;MEXICO
1887;;;;;;INDONESIA
1887;0.06;;;;;USA
1887;;;;;;HAITI
1887;;;;;;GREECE
1888;15;;;;;PAPUA NEW GUINEA
1888;;;;;;INDONESIA
1888;7;1;;;;NORWAY
1888;;;;;;URUGUAY
1888;;;;;;CHINA
1888;;;;;;ITALY
1888;;;;;;GREECE
1889;;;;;;USA
1889;11;;;;;TONGA
1889;0.1;;;;;PHILIPPINES
1889;;;;;;INDONESIA
1889;4;;;;;INDONESIA
1889;;;;;;USA
1889;;;;;;INDONESIA
1889;;;;;;INDONESIA
1889;;;;;;ITALY
1890;;171;;;;IRAN
1891;;36;;75;;ALGERIA
1891;;;;;;INDONESIA
1891;;;;;;INDONESIA
1891;;;;;;INDONESIA
1891;;;;;;NEW ZEALAND
1891;;;;;;MEXICO
1891;;;;;;NEW ZEALAND
1891;;;;;;INDONESIA
1891;2.44;;;;;USA
1892;;;;;;INDONESIA
1892;;;;;;CHILE
1892;;;;;;URUGUAY
1892;;;;;;USA TERRITORY
1892;;;;;;INDONESIA
1892;0.75;1532;;;;INDONESIA
1892;;;;;;TONGA
1892;;;;;;VANUATU
1892;;;;;;ITALY
1892;;;;;;INDONESIA
1892;;1;;2;;JAPAN
1893;;;;;;GREECE
1893;1;1;;;;GREECE
1893;;;;;;JAMAICA
1893;;;;;;GREECE
1893;3;;;;;RUSSIA
1893;;;;;;JAPAN
1893;;;;;;ALBANIA
1893;;;;;;PHILIPPINES
1893;;;;;;VANUATU
1893;;;;;;VANUATU
1894;4;1;;;99;JAPAN
1894;3;;;;;GREECE
1894;6;;;;;MEXICO
1894;4.5;;;;;TURKEY
1894;;726;;3858;;JAPAN
1894;;101;;;;ITALY
1894;12.2;;;;;ATLANTIC OCEAN
1894;3;2;;;;USA
1894;1;;;;;TUNISIA
1895;;;;;;USA
1895;6;;;;;PAPUA NEW GUINEA
1895;;;;;;USA
1895;;;;;;JAPAN
1895;;;;;;CHILE
1895;;;;;;TURKMENISTAN
1895;5;;;;;NEW ZEALAND
1895;;;;;;USA
1895;;;;;;NEW ZEALAND
1895;;;;;;USA
1895;;;;;;USA
1895;;;;;;USA
1895;;;;;;ITALY
1896;0.25;;;;;JAPAN
1896;;;;;;JAMAICA
1896;38.2;27122;;11000;;JAPAN
1896;;;;;;INDONESIA
1896;;;;;;ITALY
1896;;;;;;GREECE
1896;2.5;;;;;USA
1896;;;;;;ICELAND
1897;1;;;;;JAPAN
1897;;;;;;INDONESIA
1897;;;;;;SOLOMON ISLANDS
1897;;;;;;USA
1897;;;;;;NEW ZEALAND
1897;;1542;;;;INDIA
1897;;;;;;MEXICO
1897;3.6;;;;;JAPAN
1897;2;;;;;PHILIPPINES
1897;7;13;;;;PHILIPPINES
1897;1;;;;;NEW ZEALAND
1897;;;;17;;PHILIPPINES
1897;;;;;;DOMINICAN REPUBLIC
1897;;;;;;GREECE
1897;;;;;;MONTSERRAT
1898;0.31;;;;;USA
1898;0.1;;;;;JAPAN
1898;;;;;;GREECE
1898;;6;;;;CHILE
1898;;;;;;GREECE
1899;;;;;;PAPUA NEW GUINEA
1899;1;;;;;GREECE
1899;1.8;;;;;AUSTRALIA
1899;10;1;;;;PORTUGAL
1899;;;;;;CHILE
1899;3.1;;;;;USA
1899;60.96;;;;;USA
1899;12;2460;;;;INDONESIA
1899;;;;;;JAPAN
1899;;;;;;PAPUA NEW GUINEA
1899;0.3;;;;;JAPAN
1899;;;;;;JAPAN
1899;;;;;;USA
1899;3;;;;;VIETNAM
1900;;;;;;INDONESIA
1900;;5;;;;USA
1900;;;;;;PAPUA NEW GUINEA
1900;3;;;;;PAPUA NEW GUINEA
1900;;5;;1;;INDONESIA
1900;10;25;;;;VENEZUELA
1901;;;;;;USA
1901;3;4;;1200;;BULGARIA
1901;;;;;;JAPAN
1901;0.25;;;;;JAPAN
1901;0.6;;;;;JAPAN
1901;1.2;;;;;NEW CALEDONIA
1901;0.25;18;;8;;JAPAN
1901;0.02;;;;;JAPAN
1901;;;;;;PHILIPPINES
1901;1.5;;;;;NICARAGUA
1901;;;;;;USA
1902;;;;;;GUATEMALA
1902;;185;;;;EL SALVADOR
1902;;2000;;;;GUATEMALA
1902;5;23;;;;MARTINIQUE (FRENCH TERRITORY)
1902;1;1680;;;;SAINT VINCENT AND THE GRENADINES
1902;;28000;;;;MARTINIQUE (FRENCH TERRITORY)
1902;;;;;;MARTINIQUE (FRENCH TERRITORY)
1902;;;;;;MARTINIQUE (FRENCH TERRITORY)
1902;;;;;;GREECE
1902;;;;;;MARTINIQUE (FRENCH TERRITORY)
1902;;;;;;MEXICO
1902;;;;;;PHILIPPINES
1902;1;1500;;;;MARTINIQUE (FRENCH TERRITORY)
1902;;;;;;GUATEMALA
1903;0.15;;;;;USA TERRITORY
1903;1;;;;;INDONESIA
1903;;;;;;ITALY
1903;;;;;;MEXICO
1903;;;;;;USA
1903;;;;;;TAIWAN
1903;;;;;;CHILE
1903;;;;;;USA
1903;;;;;;USA
1903;;;;;;CANADA
1903;;;;;;USA
1903;;;;;;USA
1903;15.7;;;;;USA
1903;;;;;;CHILE
1904;;;;;;COLOMBIA
1904;;;;;;INDONESIA
1904;;;;;;USA
1904;;;;;;RUSSIA
1904;;;;;;RUSSIA
1904;;;;;;INDONESIA
1904;3;;;;;NEW ZEALAND
1904;;;;;;NEW ZEALAND
1904;;;;;;INDONESIA
1904;;;;;;PANAMA
1904;;;;;;COOK ISLANDS
1905;40.5;61;;;;NORWAY
1905;;;;;;GREECE
1905;;;;;;COSTA RICA
1905;;;;;;MEXICO
1905;;1;;;;NEW ZEALAND
1905;0.6;;;;;VANUATU
1905;;19000;;;;INDIA
1905;33.53;;;;;USA
1905;;57;;;;JAPAN
1905;;;;;;SAMOA
1905;1.3;557;;6700;;ITALY
1905;0.5;;;;;RUSSIA
1905;;;;;;GEORGIA
1905;3;11;;;;GREECE
1905;;;;;;VANUATU
1905;;;;;;VANUATU
1905;;;;;;PHILIPPINES
1905;;;;;;TUNISIA
1905;;;;;;TOGO
1906;5;1000;;;;ECUADOR
1906;;;;;;VENEZUELA
1906;0.25;;;;;ECUADOR
1906;;;;;;COLOMBIA
1906;0.4;350;;;;ITALY
1906;0.1;;;;;USA
1906;;;;;;CHILE
1906;;;;;;EL SALVADOR
1906;;;;;;MARSHALL ISLANDS, REP. OF
1906;0.02;;;;;USA
1906;3.5;4000;100;;;CHILE
1906;1.5;;;;;PAPUA NEW GUINEA
1906;1.2;;;;;PAPUA NEW GUINEA
1906;;;;;;USA
1906;;;;;;GHANA
1906;;;;;;SAMOA
1906;;;;;;PERU
1906;;;;;;VENEZUELA
1907;15;2188;;;;INDONESIA
1907;2.5;1000;30;;;JAMAICA
1907;4;;;;;INDONESIA
1907;2;8;;;;MEXICO
1907;;;;;;SAMOA
1907;;;;;;SAMOA
1907;;;;;;SAMOA
1907;;;;;;SAMOA
1907;;;;;;SAMOA
1907;;;;;;TONGA
1907;0.7;;;;;USA
1907;3.6;;;;;SAMOA
1907;;158;;;;ITALY
1907;;;;;;PAPUA NEW GUINEA
1908;1.4;;;;;INDONESIA
1908;;;;;;USA
1908;;;;;;INDONESIA
1908;15;33;;40;;CANADA
1908;;;;;;UKRAINE
1908;;;;;;CANADA
1908;1.2;;;;;USA
1908;;;;;;PERU
1908;13;80000;116;;;ITALY
1909;3;;;;;COOK ISLANDS
1909;;;;;;JAPAN
1909;;;;;;JAPAN
1909;;;;;;INDONESIA
1909;;;;;;CHILE
1909;;;;;;VANUATU
1909;9;;;;;MEXICO
1909;1.8;41;;976;;JAPAN
1909;;300;;;;USA
1909;;;;;;USA
1909;;;;;;USA TERRITORY
1910;;;;;;PAPUA NEW GUINEA
1910;;;;;;NEW ZEALAND
1910;;;;;;USA
1910;;;;;;VANUATU
1910;0.3;;;;;USA
1910;;;;;;INDONESIA
1910;;;;;;PHILIPPINES
1911;3;1335;;543;;PHILIPPINES
1911;;;;;;ALBANIA
1911;;;;;;PAPUA NEW GUINEA
1911;5;;;;;TOGO
1911;;12;;422;;JAPAN
1911;;;;;;PHILIPPINES
1911;;;;;;CHILE
1911;;;;;;USA
1911;;;;;;TRINIDAD AND TOBAGO
1912;;;;;;GREECE
1912;;;;;;USA
1912;0.5;;;;;JAPAN
1912;2.7;2800;;24700;15400;TURKEY
1912;;;;;;MICRONESIA, FED. STATES OF
1912;;;;;;MICRONESIA, FED. STATES OF
1913;1.5;;;;;NEW ZEALAND
1913;;138;;;;INDONESIA
1913;;;;;;USA
1913;;;;;;PERU
1913;;;;;;PERU
1913;;;;;;PANAMA
1913;0.1;;;;;PAPUA NEW GUINEA
1913;4.5;;;;;USA
1914;3;63;19;2268;;JAPAN
1914;1;;;;;PERU
1914;;;;;;ITALY
1914;;;;;;PERU
1914;;;;;;INDONESIA
1914;0.1;;;;;INDONESIA
1914;;;;;;CANADA
1914;;20;;;;INDONESIA
1914;;1;;;;NEW ZEALAND
1914;3;14;;;;GREECE
1914;;;;;;INDONESIA
1915;;;;;;GREECE
1915;2.4;3;;;;USA TERRITORY
1915;0.5;;;;;INDONESIA
1915;1.5;;;;;GREECE
1915;;;;;;PAPUA NEW GUINEA
1915;;;;;;EL SALVADOR
1915;1;;;;;JAPAN
1915;;;;;;INDONESIA
1915;;;;;;PHILIPPINES
1916;;;;;;PAPUA NEW GUINEA
1916;;;;;;COSTA RICA
1916;1.3;;0.025;;;PANAMA
1916;10;;;;;ITALY
1916;;;;;;ITALY
1916;;;;;;VENEZUELA
1917;;;;;;INDONESIA
1917;2;1500;;;;INDONESIA
1917;;;;;;CHINA
1917;;;;;;RUSSIA
1917;1.5;7;;;;PHILIPPINES
1917;;;;;;INDONESIA
1917;1.5;;;;;INDONESIA
1917;0.3;;;;;NEW ZEALAND
1917;0.5;;;;;TAIWAN
1917;12.2;2;;;;SAMOA
1917;0.9;;;;;PAPUA NEW GUINEA
1917;2.4;1;;;;USA
1917;;;;;;INDONESIA
1917;1.9;;;;;FRENCH POLYNESIA
1917;2.5;;;;;NEW ZEALAND
1917;7;2000;;;;CANADA
1918;;2000;;;;CHINA
1918;;;;;;CHILE
1918;0.08;;;;;INDONESIA
1918;;;;;;CHINA
1918;7.2;52;;;;PHILIPPINES
1918;12;23;;;19;RUSSIA
1918;6.1;144;4;;;USA TERRITORY
1918;;;;;;USA TERRITORY
1918;0.5;;;;;RUSSIA
1918;5;;;;;CHILE
1918;;;;;;ICELAND
1919;0.44;;;;;PHILIPPINES
1919;0.4;;;;;TONGA
1919;;;;;;USA
1919;;;;;;INDONESIA
1919;5;;;;;INDONESIA
1919;;;;;;USA
1919;;;;;;TONGA
1919;2.5;;;;;TONGA
1919;;;;;;PAPUA NEW GUINEA
1919;0.75;4;;10;;ITALY
1919;;;;;;NICARAGUA
1919;;;;;;VENEZUELA
1919;4.3;;;;;USA
1919;;;;;;ITALY
1919;;;;;;INDONESIA
1919;;;;;;UKRAINE
1920;2;;;;;INDONESIA
1920;;;;;;PAPUA NEW GUINEA
1920;1.4;;;;;CHILE
1920;;;;;;USA TERRITORY
1920;;;;;;VANUATU
1920;0.75;;;;;CHINA
1920;;;;;;ALBANIA
1921;1;;;;;INDONESIA
1921;;;;;;CHINA
1921;0.1;;;;;INDONESIA
1921;;;;;;PHILIPPINES
1921;;;;;;USA
1922;;;;;;PERU
1922;1.8;;;;;PAPUA NEW GUINEA
1922;;;;;;INDONESIA
1922;0.7;5;;;;PHILIPPINES
1922;;;;;;PHILIPPINES
1922;;;;;;INDONESIA
1922;0.64;;;;;USA
1922;;;;;;INDONESIA
1922;;;;;;GREECE
1922;;5;;139;;TAIWAN
1922;;;;;;AUSTRALIA
1922;;;;;;CHILE
1922;9;700;;;;CHILE
1922;0.4;;;;;NEW ZEALAND
1923;0.1;;;;;USA
1923;8;3;1.5;;;RUSSIA
1923;1.5;;;;;CHILE
1923;;;;;;PHILIPPINES
1923;35;;;;;CHILE
1923;20;18;;;;RUSSIA
1923;;;;;;CHILE
1923;;;;;;CHILE
1923;0.4;;;;;JAPAN
1923;;;;;;PHILIPPINES
1923;;2;;;;USA
1923;;;;;;CHILE
1923;;;;;;KOREA
1923;13;142807;600;695000;;JAPAN
1923;0.3;;;;;JAPAN
1923;6.1;;;;;USA
1923;;;;;;PAPUA NEW GUINEA
1923;;;;;;PAPUA NEW GUINEA
1923;;;;;;VIETNAM
1924;;;;;;RUSSIA
1924;;;;;;RUSSIA
1924;;;;;;PHILIPPINES
1924;;;;;;RUSSIA
1924;;;;;;PHILIPPINES
1924;5;;;;;USA
1924;;;;;;PHILIPPINES
1924;;;;;;AUSTRALIA
1924;;;;;;NEW ZEALAND
1924;4.6;;;;;USA
1924;;;;;;ICELAND
1924;;;;;;PHILIPPINES
1925;1;;;;;INDONESIA
1925;1.4;;;;;USA
1925;;;;;;MEXICO
1925;;17;;;;PHILIPPINES
1925;;;;;;ITALY
1925;;;;;;CHILE
1925;;;;;;PHILIPPINES
1925;0.34;;;;;USA
1925;;;;;;PHILIPPINES
1925;11;;;;;MEXICO
1925;;;;;;PHILIPPINES
1925;;;;;;MICRONESIA, FED. STATES OF
1926;3;;;;;USA
1926;;;;;;SOLOMON ISLANDS
1926;1.5;;;;;USA
1926;;1;;;;COOK ISLANDS
1926;;;;;;INDONESIA
1926;;;;;;UK
1926;;;;;;SOUTH KOREA
1926;;;;;;ITALY
1926;;;;;;GREECE
1926;0.3;9;;;;PORTUGAL
1926;2;;;;;SOLOMON ISLANDS
1926;;;;;;CHILE
1926;;;;;;PORTUGAL
1926;6.35;;;;;NEW ZEALAND
1927;;1;3;;20;USA
1927;;;;;;NORWAY
1927;11.3;3022;;15594;9821;JAPAN
1927;0.7;;;;;UKRAINE
1927;1;268;;;;ISRAEL
1927;0.1;;;;;JAPAN
1927;0.4;;;;;JAPAN
1927;;;;;;MEXICO
1927;1;11;;;;UKRAINE
1927;;;;;;USA
1927;;;;;;USA
1927;1.8;;;;;USA
1927;;;;;;CHILE
1927;15;50;;;;INDONESIA
1927;2;;;;;RUSSIA
1928;;;;;;CANADA
1928;;;;;;MEXICO
1928;;;;;;INDONESIA
1928;;170;;2600;;GREECE
1928;;;;;;CHILE
1928;;10;;;;PERU
1928;0.6;20;;3000;;GREECE
1928;;;;;;GREECE
1928;;;;;;GREECE
1928;;;;;;PERU
1928;0.6;;;;;GREECE
1928;;;;;;GREECE
1928;;;;;;TURKEY
1928;;;;;;TONGA
1928;0.45;;;;;JAPAN
1928;;;;;;JAPAN
1928;;;;;;PHILIPPINES
1928;0.2;4;;;;MEXICO
1928;;;;;;PERU
1928;10;226;;;;INDONESIA
1928;;;;;;VENEZUELA
1928;;;;;;CHILE
1928;1.5;279;;;;CHILE
1928;;97;;;;PHILIPPINES
1928;;;;;;CANADA
1929;6;50;;;;VENEZUELA
1929;1;;;;;USA
1929;0.7;;;;;JAPAN
1929;1.5;;;;;CANADA
1929;;;;;;PHILIPPINES
1929;2.5;17;;;;NEW ZEALAND
1929;7.5;;;;;CHILE
1929;;;;;;USA
1929;;6;;;;INDONESIA
1929;13;28;1;;;CANADA
1930;;;;;;CHINA
1930;;;;;;SPAIN
1930;;;;;;USA
1930;5;20;;;;PORTUGAL
1930;500;;;;;INDONESIA
1930;;;;;;NORWAY
1930;1.06;500;;;;MYANMAR (BURMA)
1930;1.5;;;;;INDONESIA
1930;0.1;;;;;INDONESIA
1930;3.05;1;;;;USA
1930;2.5;6;;;;ITALY
1930;;;;;;INDONESIA
1930;;;;;;PAPUA NEW GUINEA
1930;;18;;;;ITALY
1930;6;;;;;KENYA
1930;12;27;;104;;PAPUA NEW GUINEA
1930;1;;;;;CHILE
1931;15;261;25;;;NEW ZEALAND
1931;0.1;;;;;NEW ZEALAND
1931;;;;;;NEW ZEALAND
1931;0.4;;;;;JAPAN
1931;;;;;;CHILE
1931;;;;;;UK
1931;;;;;;PAPUA NEW GUINEA
1931;3;4;;;;USA
1931;;;;;;PORTUGAL
1931;1;;;;;INDONESIA
1931;9;50;;;;SOLOMON ISLANDS
1931;0.8;1;;14;;JAPAN
1931;1;;;;;CUBA
1932;;;;;;CUBA
1932;;;;;;ITALY
1932;10;400;;;;MEXICO
1932;1;;;;;MEXICO
1932;10;75;;400;;MEXICO
1932;;;;;;MEXICO
1932;;;;73;;INDONESIA
1932;;;;;;NEW ZEALAND
1932;2;161;;4106;3218;GREECE
1932;;;;;;VENEZUELA
1932;5.4;;;;;USA
1933;9;2;;;;RUSSIA
1933;;;;;;CHILE
1933;29;3022;;6000;;JAPAN
1933;0.1;120;41;;;USA
1933;2;181;;;;GREECE
1933;;;;;;TOGO
1933;0.2;;;;;JAPAN
1933;;;;;;ECUADOR
1933;;;;;;PAPUA NEW GUINEA
1933;;9;;;;PHILIPPINES
1934;;10600;;;;NEPAL
1934;;;;;;PHILIPPINES
1934;62.3;41;;;;NORWAY
1934;;;;;;ICELAND
1934;;;0.05;;;PANAMA
1934;0.65;;;;;SOLOMON ISLANDS
1934;;;;;;SOLOMON ISLANDS
1934;12;;0.075;1;;USA
1934;0.11;;;;;MEXICO
1934;;;;;;CHILE
1934;;;;;;PAPUA NEW GUINEA
1935;;5;;;;TURKEY
1935;;60000;25;;;PAKISTAN
1935;0.2;;;;;JAPAN
1935;;;;;;PORTUGAL
1935;;;;;;PAPUA NEW GUINEA
1935;0.3;;;;;JAPAN
1935;0.2;;;;;JAPAN
1935;;;;;;USA
1935;;;;;;INDONESIA
1935;;100;;;;CHINA
1935;;;;;;INDONESIA
1936;;;;;;NEW ZEALAND
1936;;;;;;NAURU
1936;3;;;169;;INDONESIA
1936;1;1;;;;CHILE
1936;;9;;;;INDONESIA
1936;74;73;;;;NORWAY
1936;149.35;;;;;USA
1936;0.7;;;;;JAPAN
1936;13;;;;;RUSSIA
1936;2.2;;;;;NEW CALEDONIA
1937;2.5;507;;;;PAPUA NEW GUINEA
1937;;1;;;;PHILIPPINES
1937;;;;;;RUSSIA
1937;;;;;;USA
1937;;;;;;RUSSIA
1937;0.5;;;;;INDONESIA
1938;;;;;;CONGO
1938;1;;;24;8;INDONESIA
1938;;5;;;;AUSTRALIA
1938;0.5;;;;;INDONESIA
1938;0.03;;;;;PAPUA NEW GUINEA
1938;;;;;;CANADA
1938;;;;;;NORWAY
1938;;;;;;PAPUA NEW GUINEA
1938;3;17;;942;;INDONESIA
1938;0.83;;;;;JAPAN
1938;0.9;1;;7;;JAPAN
1938;1.5;;;;;JAPAN
1938;;;;;;USA
1938;0.57;1;;20;;JAPAN
1938;0.56;;;;;JAPAN
1938;1.26;;;;;JAPAN
1938;1.25;;;;;JAPAN
1938;;;;;;JAPAN
1938;0.3;;;;;USA
1938;0.75;;;;;JAPAN
1938;;;;;;JAPAN
1938;0.3;;;;;JAPAN
1938;0.2;;;;;JAPAN
1939;;30000;920;;;CHILE
1939;;;;;;ITALY
1939;;5;;;;PAPUA NEW GUINEA
1939;0.8;1;;1;;JAPAN
1939;;;;;;CHILE
1939;10.5;12;;;;SOLOMON ISLANDS
1939;1.2;27;;479;;JAPAN
1939;;;;;;PHILIPPINES
1939;0.2;;;;;PORTUGAL
1939;;22;;1500;;GHANA
1939;2;;;;;GRENADA
1939;;;;;;CUBA
1939;;;;;;INDONESIA
1939;0.53;32700;20;120000;;TURKEY
1940;;;;;;ITALY
1940;2;179;;;;PERU
1940;5;10;;20;;JAPAN
1940;;;;;;NORWAY
1940;;;;;;CHILE
1940;;;;;;CHILE
1941;0.15;4;;1;;PAPUA NEW GUINEA
1941;;;;;;CYPRUS
1941;;;;;;USA
1941;;;;;;ITALY
1941;1.5;;;;;INDIA
1941;6;;;;;SPAIN
1941;1.2;2;;27;;JAPAN
1941;0.23;;;;;ATLANTIC OCEAN
1941;0.23;6;;;;COSTA RICA
1941;0.1;;;;;COSTA RICA
1942;1;;;;;COLOMBIA
1942;3;;;;;NEW CALEDONIA
1942;2;30;;;;PERU
1943;1;11;;;;CHILE
1943;0.6;;;;;JAPAN
1944;9.14;;;;;USA
1944;;;;1;;ITALY
1944;;;;;;USA
1944;;30;;5500;;TURKEY
1944;10;1223;;29205;46950;JAPAN
1944;;;;;;USA
1945;1;2306;;7221;;JAPAN
1945;0.4;2;;2;;JAPAN
1945;17;4000;25;;;PAKISTAN
1946;42;168;26.271;;;USA
1946;9;;;;;CANADA
1946;;2;;;;CHILE
1946;5;1790;;;;DOMINICAN REPUBLIC
1946;0.6;75;;;;DOMINICAN REPUBLIC
1946;;;;;;PERU
1946;;;;;;USA
1946;;;;;;RUSSIA
1946;6.6;1362;;11661;;JAPAN
1947;;;;;;USA
1947;10;;;;;NEW ZEALAND
1947;6;;;;;NEW ZEALAND
1947;1;3;;7000;;GREECE
1947;2;;;;;JAPAN
1948;;74;3.5;;;PHILIPPINES
1948;7.3;;;;;GREECE
1948;0.6;;;;;JAPAN
1948;1;2;;244;2022;GREECE
1948;3;;;;;CHINA
1948;;;;;;INDONESIA
1948;2;;;;;TONGA
1948;5;4;;;;MEXICO
1948;;;;;;CHILE
1949;;;;;;RUSSIA
1949;;;;;;GREECE
1949;;8;25;;;USA
1949;2.4;;;;;USA
1949;;;;;;CHILE
1949;;;;;;INDONESIA
1949;2;7;;534;5501;GREECE
1949;19.81;;;;;USA
1949;0.61;;;;;CANADA
1949;0.1;;;;;PHILIPPINES
1949;;;;;;USA
1949;0.3;;;;;PAPUA NEW GUINEA
1949;;1;;;;CHILE
1949;;3;;;;CHILE
1949;;16;;;;PHILIPPINES
1950;;;;;;CHILE
1950;;;;;;NEW ZEALAND
1950;;;;;;PANAMA
1950;;100;;;;VENEZUELA
1950;0.5;1530;20;;;INDIA
1950;0.1;;;;;COSTA RICA
1950;;1;;;;INDONESIA
1950;;;;;;NORWAY
1950;0.2;;;;;GUATEMALA
1950;1.2;;;;;SOLOMON ISLANDS
1950;2.5;;;;;VANUATU
1950;0.7;4;;;;PERU
1950;0.3;;;;;MEXICO
1951;6;;;;;PAPUA NEW GUINEA
1951;3;;0.003;;;USA
1951;;;;;;NICARAGUA
1951;3.6;;;;;USA
1951;0.3;68;;2382;;TAIWAN
1951;2;;;;;CHINA
1951;;;;;;SOLOMON ISLANDS
1952;2;;;;;NORWAY
1952;6.54;33;;2422;;JAPAN
1952;0.3;;;113;;JAPAN
1952;3;;;;;USA
1952;0.33;;;;;PHILIPPINES
1952;19.81;;;;;USA
1952;1.52;;;;;USA
1952;0.1;;;;;COSTA RICA
1952;;;;;;VANUATU
1952;0.15;;;;;JAPAN
1952;0.05;;;;;JAPAN
1952;0.15;31;;;;JAPAN
1952;0.1;;;;;JAPAN
1952;;;;;;USA
1952;23;10000;1;;;RUSSIA
1952;;1;;;;GREENLAND
1953;;;;;;USA
1953;0.7;;;;;PERU
1953;4.8;;;;;USA
1953;6;;;;;JAPAN
1953;3;;;;;RUSSIA
1953;0.05;;;;;JAPAN
1953;;;0.013;;;PAPUA NEW GUINEA
1953;;9;500;;;CHILE
1953;0.06;;;;;DOMINICAN REPUBLIC
1953;;;;;;PAPUA NEW GUINEA
1953;;476;100;27773;;GREECE
1953;;;;;;USA
1953;;40;;500;;CYPRUS
1953;15;7;;;;FIJI
1953;2.4;1;;;;AUSTRALIA
1953;3;1;;;;JAPAN
1953;1;6;;200;;PERU
1954;1;;;;;ARGENTINA
1954;;;;;;CHINA
1954;;;;;;ITALY
1954;3;7;;;;USA
1954;0.33;1243;6;20000;;ALGERIA
1954;18.28;;;;;GREENLAND
1954;;;;;;JAPAN
1955;;;;;;VENEZUELA
1955;;8;;459;8352;GREECE
1955;1;1;;;;CHILE
1955;;;;;;INDIA
1955;;;;;;PAPUA NEW GUINEA
1955;1;;;;;CHINA
1955;;;;;;PAPUA NEW GUINEA
1956;;;;;;CHILE
1956;0.9;;;;;NEW ZEALAND
1956;0.4;;;;;JAPAN
1956;0.3;;;;;RUSSIA
1956;30;56;;;;GREECE
1956;10;;;;;GREECE
1956;;;;;;JAPAN
1956;1.2;;;;;GREECE
1956;;;;;;CHILE
1957;32;2;;;;USA
1957;1.8;;;;;INDONESIA
1957;1.3;65;25;;;MEXICO
1957;;;;;;CHILE
1957;0.7;;;;;INDONESIA
1957;;;;;;INDONESIA
1957;0.1;;;;;USA
1957;2.7;;;;;SOLOMON ISLANDS
1958;;115;;;;ECUADOR
1958;;;;;;CHINA
1958;;;;;;PERU
1958;;;;;;INDONESIA
1958;524.6;5;0.1;;;USA
1958;0.23;;;;;RUSSIA
1958;;;;;;VANUATU
1958;0.1;;;;;PACIFIC OCEAN
1958;5;;;;;RUSSIA
1958;1;;;;;RUSSIA
1959;0.8;;;;;JAPAN
1959;0.4;;;;;PERU
1959;1;;;;;GREECE
1959;0.1;;;;;RUSSIA
1959;0.2;;;;;RUSSIA
1959;4;9;;;;NORWAY
1959;1;;;;;SOLOMON ISLANDS
1959;1;28;11;;;USA
1959;0.11;;;;;JAPAN
1960;5.7;;;;;PERU
1960;;13100;120;;;MOROCCO
1960;1;;;;;JAPAN
1960;0.75;;;;;JAPAN
1960;0.5;;;;;CHILE
1960;25;2226;1000;58622;;CHILE
1960;;;;;;CHILE
1960;;;;;;PAPUA NEW GUINEA
1960;0.3;;;;;JAPAN
1960;;;;;;CHILE
1960;9;66;0.55;;;PERU
1961;0.4;;;;;JAPAN
1961;0.4;;;;;JAPAN
1961;0.4;;;;;JAPAN
1961;1;;;;;RUSSIA
1961;0.65;2;;170;;JAPAN
1961;3.6;;;;;SOLOMON ISLANDS
1961;;;;;;TURKEY
1961;0.9;;;;;ITALY
1961;;;;;;COLOMBIA
1961;0.2;;;;;JAPAN
1961;0.9;;;;;VANUATU
1961;0.9;;;;;SOLOMON ISLANDS
1961;0.1;;;;;JAPAN
1961;;;;;;CHILE
1961;;;;;;CHILE
1961;0.1;;;;;JAPAN
1962;0.04;;;;;CROATIA
1962;0.1;;;;;PANAMA
1962;1;;;;;JAPAN
1962;0.1;;;;;JAPAN
1962;0.81;4;;;;MEXICO
1962;0.34;3;;;;MEXICO
1962;0.1;;;;;JAPAN
1962;;;;;;GREECE
1962;;;;;;USA
1963;6;2;;;;GREECE
1963;0.2;15;;;;TAIWAN
1963;5.5;1;;;;CANADA
1963;;1028;;;;INDONESIA
1963;1;1;;7;163;TURKEY
1963;;1;;;;PERU
1963;235;2000;;;;ITALY
1963;0.12;;;;;RUSSIA
1963;4.5;;;;;RUSSIA
1963;15;;;;;RUSSIA
1963;;;;;;INDONESIA
1963;;;;;;TONGA
1964;0.08;;;;;USA
1964;51.8;139;400;;;USA
1964;;;;;;INDONESIA
1964;0.6;;;;;JAPAN
1964;;;;;;JAPAN
1964;0.28;;;;;USA
1964;5.8;26;80;2250;;JAPAN
1964;0.08;;;;;RUSSIA
1964;0.05;;;;;PAPUA NEW GUINEA
1964;0.1;;;;;JAPAN
1965;;71;;3000;;INDONESIA
1965;10.7;;0.01;;;USA
1965;60;27;;;;CHILE
1965;;;;;;CHILE
1965;;38;8;;;GREECE
1965;;;;;;CHILE
1965;0.1;;;;;USA
1965;0.1;;;;;JAPAN
1965;0.1;;;;;RUSSIA
1965;0.08;;;;;USA
1965;;2;;;;GREECE
1965;7;;;;;VANUATU
1965;2;;;;;VANUATU
1965;0.4;6;;;;MEXICO
1965;4.7;355;;;;PHILIPPINES
1965;;;;;;CHILE
1965;;;;;;GRENADA
1966;0.1;7;;;;TAIWAN
1966;;;;;;NORWAY
1966;0.2;;;;;SOLOMON ISLANDS
1966;0.2;;;;;RUSSIA
1966;3;110;35;;;PERU
1966;;;;;;SOLOMON ISLANDS
1966;0.42;3;0.4;;;CHILE
1966;2;;;;;SOLOMON ISLANDS
1966;0.8;;;;;SOLOMON ISLANDS
1966;;;;;;SOLOMON ISLANDS
1967;;;;;;RUSSIA
1967;;71;;;;INDONESIA
1967;;14;;2000;;INDONESIA
1967;0.08;300;140;;;VENEZUELA
1967;0.1;;;;;PAPUA NEW GUINEA
1967;2;;;;;PERU
1967;60;;;;;USA
1967;;;;;;CHILE
1967;1;;;;;ANTARCTICA
1967;;;;80;;USA TERRITORY
1967;;1;;;;CHILE
1968;0.18;;;;;RUSSIA
1968;1.2;20;0.6;500;1951;GREECE
1968;3.07;1;;;;JAPAN
1968;3;;;;;ITALY
1968;;;;;;CHILE
1968;6;52;131;1218;;JAPAN
1968;0.58;;;;;JAPAN
1968;0.95;;;;;JAPAN
1968;0.05;;;;;NEW ZEALAND
1968;0.16;270;8;;;PHILIPPINES
1968;0.03;;;;;JAPAN
1968;0.4;;;;;INDONESIA
1968;10;200;;800;;INDONESIA
1968;3;24;;2000;;TURKEY
1968;;3;;;;VENEZUELA
1968;2;15;;;;MEXICO
1969;4;664;;1287;;INDONESIA
1969;0.9;25;;;;PORTUGAL
1969;;3;;;;PHILIPPINES
1969;;2;;107;;EGYPT
1969;5;;;;;SWEDEN
1969;0.1;;;;;JAPAN
1969;0.06;;;;;ATLANTIC OCEAN
1969;0.1;10;;15190;24810;CHINA
1969;;;;;;PAPUA NEW GUINEA
1969;5;;;;;RUSSIA
1969;2.9;;;;;SOUTH AFRICA
1969;15;;;;;RUSSIA
1969;0.46;;;;;GUADELOUPE (FRENCH TERRITORY)
1970;0.06;;;;;PHILIPPINES
1970;0.03;;;;;USA
1970;;15;;;;PHILIPPINES
1970;;;;;;RUSSIA
1970;0.46;66794;530;;;PERU
1970;;;;;;CHILE
1970;;;;;;CHILE
1970;0.32;;;;;JAPAN
1970;1;;;;;NEW ZEALAND
1970;;;;;;PHILIPPINES
1970;3;18;1.75;800;;PAPUA NEW GUINEA
1970;;;;;;CHILE
1970;0.8;;;;;RUSSIA
1971;30;600;;;;PERU
1971;0.04;;;;;USA
1971;1.2;83;236.4;;;CHILE
1971;6;3;;;;PAPUA NEW GUINEA
1971;10;;;;;PAPUA NEW GUINEA
1971;0.51;;;;;JAPAN
1971;2;;;;;RUSSIA
1971;0.32;;;;;RUSSIA
1971;;;;;;SOLOMON ISLANDS
1971;0.09;;;;;RUSSIA
1971;0.07;;;;;RUSSIA
1971;1.8;;;;;PAPUA NEW GUINEA
1971;0.03;;;;;RUSSIA
1971;0.1;;;;;USA
1971;0.47;;;;;RUSSIA
1972;0.05;1;;5;;TAIWAN
1972;0.42;;;;;JAPAN
1972;;;;;;CHILE
1972;0.1;;;;;USA
1972;0.6;;;;;PAPUA NEW GUINEA
1972;1.5;;;;;PAPUA NEW GUINEA
1972;;;;;;JAPAN
1972;;;;;;PAPUA NEW GUINEA
1972;0.5;;;;;PHILIPPINES
1972;0.5;;;;;JAPAN
1972;;;;;;CHILE
1973;1.13;56;;;;MEXICO
1973;1.5;;;;;RUSSIA
1973;1.3;15;0.45;;;PHILIPPINES
1973;5.96;;5;2;;JAPAN
1973;0.64;;;;;RUSSIA
1973;0.21;;;;;RUSSIA
1973;0.4;;;;;CHILE
1973;;2;;;;INDONESIA
1974;1.5;;;;;SOLOMON ISLANDS
1974;4.5;;;;;SOLOMON ISLANDS
1974;0.2;30;;134;;JAPAN
1974;;;;;;CHILE
1974;0.37;;;;;RUSSIA
1974;0.92;78;10;;;PERU
1974;2.8;;;;;CANADA
1974;0.5;;;;;PAPUA NEW GUINEA
1974;;5300;3.255;;;PAKISTAN
1975;;;;81;;INDONESIA
1975;;2;;;;CHILE
1975;4.1;;;;;CANADA
1975;0.5;;;;;ATLANTIC OCEAN
1975;5.5;;;;;RUSSIA
1975;2;;;;;PAPUA NEW GUINEA
1975;3;1;;30;;PHILIPPINES
1975;14.3;2;4;;;USA
1975;0.25;;;;;FIJI
1975;0.38;;;;;SAMOA
1976;0.9;;;;;NEW ZEALAND
1976;0.38;;;;;RUSSIA
1976;0.12;23000;2147;;;GUATEMALA
1976;;5;;;;PANAMA
1976;9;8000;134;;;PHILIPPINES
1977;0.08;;;;;SAMOA
1977;0.15;34;;;;SOLOMON ISLANDS
1977;;;;;;SOLOMON ISLANDS
1977;0.04;18;;;;SOLOMON ISLANDS
1977;0.4;1;1.2;;;TONGA
1977;15;189;1.2;;;INDONESIA
1977;0.5;;;;;PAPUA NEW GUINEA
1977;0.6;;;;;PAPUA NEW GUINEA
1977;0.03;;;;;TONGA
1978;0.35;25;;85;544;JAPAN
1978;0.07;;;;;RUSSIA
1978;0.05;;;;;RUSSIA
1978;0.17;;;;;RUSSIA
1978;0.3;;;;;RUSSIA
1978;0.65;;;;;RUSSIA
1978;0.6;28;865;;;JAPAN
1978;;;;;;INDIA
1978;0.03;;;;;PHILIPPINES
1978;0.45;50;250;;;GREECE
1978;0.6;;;;;ITALY
1978;0.05;;;;;TAIWAN
1978;0.12;;;;;SPAIN
1978;;;;;;NEW ZEALAND
1978;1.5;9;;;;MEXICO
1978;3;;;;;VIETNAM
1979;0.12;;;;;JAPAN
1979;0.15;;;;;USA
1979;1.3;5;30;200;;MEXICO
1979;4.8;3;;;;JAPAN
1979;;;;;;MONTENEGRO
1979;0.6;131;2700;;;MONTENEGRO
1979;;;;;;GREECE
1979;9;1239;;;;INDONESIA
1979;;;;;;INDONESIA
1979;;;;;;VENEZUELA
1979;2;115;;1000;;INDONESIA
1979;2;;;;;NORWAY
1979;10;9;;;;FRANCE
1979;;;;;;FIJI
1979;6;600;8;10000;;COLOMBIA
1980;0.41;69;5;15000;;PORTUGAL
1980;0.16;;;;;RUSSIA
1980;250;61;;;;USA
1980;;;;;;PORTUGAL
1980;0.56;;;;;JAPAN
1980;0.14;;;;;SOLOMON ISLANDS
1980;0.7;5000;5200;250000;;ALGERIA
1981;0.37;;;;;JAPAN
1981;0.3;22;812;8000;;GREECE
1981;1;;;;;GREECE
1981;0.29;;;;;SOUTH AFRICA
1981;0.3;;;;;NEW ZEALAND
1981;1;;;;;SAMOA
1981;2;;;;;INDONESIA
1981;0.09;3;;;;MEXICO
1982;0.1;;;;;PHILIPPINES
1982;;;;;;INDONESIA
1982;0.1;;;;;INDONESIA
1982;1.3;110;1;;;JAPAN
1982;0.4;;;;;JAPAN
1982;0.2;;;;;TONGA
1982;;13;1.45;1875;;INDONESIA
1982;0.19;;;;;JAPAN
1983;;;;;;GREECE
1983;3;;;;;INDONESIA
1983;0.13;;;;;PAPUA NEW GUINEA
1983;14.93;104;800;3513;;JAPAN
1983;0.6;;;;;JAPAN
1983;1;;;;;JAPAN
1983;;;;;;GREECE
1983;0.1;;;;;RUSSIA
1983;0.1;16;;;;PHILIPPINES
1983;;;;;;INDONESIA
1983;7;;;;;NORWAY
1983;0.2;5;1;40;;CHILE
1983;1.5;;;;;UK TERRITORY
1984;;2;0.5;;685;INDONESIA
1984;;;;;;GREECE
1984;0.2;;;;;RUSSIA
1984;0.5;;;;;JAPAN
1984;0.2;;;;;JAPAN
1984;5;37;;;;CAMEROON
1984;0.13;;;;;JAPAN
1984;0.2;;;;;RUSSIA
1985;3.5;180;1500;;;CHILE
1985;0.12;;;;;GUADELOUPE (FRENCH TERRITORY)
1985;2;;;;;INDONESIA
1985;1.3;;1;;;PAPUA NEW GUINEA
1985;3;9500;4000;;;MEXICO
1985;1.2;;;;;MEXICO
1986;0.9;;;;;USA
1986;;;;;;USA
1986;75;1700;;;;CAMEROON
1986;0.22;;;;;NEW ZEALAND
1986;0.3;15;;;;TAIWAN
1987;0.1;;;;;JAPAN
1987;1.5;3;2.625;;;PAPUA NEW GUINEA
1987;3;;;;;NORWAY
1987;0.2;1;;;;CHILE
1987;0.04;2;;;;JAPAN
1987;0.16;;;;;JAPAN
1987;;;;;;NEW ZEALAND
1987;;;;;;SOLOMON ISLANDS
1987;0.1;;;;;VANUATU
1987;0.25;;;;;TONGA
1987;0.04;;;;;PAPUA NEW GUINEA
1987;0.07;;;;;PAPUA NEW GUINEA
1987;0.06;;;;;USA
1987;0.1;;;;;INDONESIA
1987;0.43;;;;;USA
1988;0.1;;;;;CHILE
1988;0.19;;0.005;;;USA
1988;2;;;;;ITALY
1988;;;;;;USA
1988;1.03;;;;;PHILIPPINES
1988;;;;;;PAPUA NEW GUINEA
1988;;5;;;;BANGLADESH
1988;0.09;1;;100;;SOLOMON ISLANDS
1988;;998;131.5;;;BANGLADESH
1989;0.15;;;;;AUSTRALIA
1989;0.29;;;;;USA
1989;0.1;;;;;USA
1989;1;62;5600;;;USA
1989;0.11;;;;;JAPAN
1989;;30;5;;;ALGERIA
1989;0.1;;;;;USA TERRITORY
1989;0.9;;;;;JAPAN
1990;2.1;;0.9;;600;PHILIPPINES
1990;0.16;;;;;JAPAN
1990;1;;;8;34;COSTA RICA
1990;1.8;;;;;USA TERRITORY
1990;5;;;;;PHILIPPINES
1990;2;40000;7200;100000;;IRAN
1990;0.2;;;;;JAPAN
1990;0.1;19;500;;;ITALY
1990;0.04;;;;;TAIWAN
1991;;;;;;GREECE
1991;0.02;;;;;SOLOMON ISLANDS
1991;0.1;;;;;RUSSIA
1991;0.15;;;;;USA
1991;3;90;510;;;COSTA RICA
1991;0.5;;;;;GREECE
1991;0.15;;;;;SOLOMON ISLANDS
1991;0.52;;;;;RUSSIA
1992;0.8;;;;;CHINA
1992;1.8;;66;;;USA
1992;6;;;12;;PHILIPPINES
1992;;;;;;SOLOMON ISLANDS
1992;3;;;;;USA
1992;0.3;;;;;JAPAN
1992;;;;;;JAPAN
1992;9.9;170;30;1500;;NICARAGUA
1992;26.2;2500;100;31785;;INDONESIA
1993;0.5;;;;;JAPAN
1993;;5;;;;WALLIS AND FUTUNA (FRENCH TERRITORY)
1993;0.1;;;;;RUSSIA
1993;;;;;;NEW ZEALAND
1993;32;231;1207;2374;;JAPAN
1993;0.16;;;;;JAPAN
1993;2.4;;250;;;USA TERRITORY
1993;0.05;;;;;RUSSIA
1994;1.5;;;;;USA
1994;0.1;60;40000;40000;;USA
1994;2;9;;;550;INDONESIA
1994;;;;;;INDONESIA
1994;0.11;;;;;JAPAN
1994;4;;;;;NORWAY
1994;0.02;;;;;TAIWAN
1994;13.9;238;2.2;1500;;INDONESIA
1994;3.7;;;;;INDONESIA
1994;;;;;;INDONESIA
1994;3;;;;;INDONESIA
1994;0.07;;;;;USA
1994;0.24;1;;;;TAIWAN
1994;3;4;86;;;PAPUA NEW GUINEA
1994;10.4;11;;;;RUSSIA
1994;3;1;;;500;INDONESIA
1994;0.2;;;;;RUSSIA
1994;9;1;25;;;USA
1994;7.3;81;3.7;797;3288;PHILIPPINES
1994;0.53;3;170.4;;;JAPAN
1994;0.5;;;;;RUSSIA
1995;0.34;5502;100000;200000;;JAPAN
1995;0.09;;;;;SAMOA
1995;0.2;;;;;PHILIPPINES
1995;0.2;;;;;PHILIPPINES
1995;;;;;;GREECE
1995;4;11;;;;INDONESIA
1995;0.5;;;;;NEW CALEDONIA
1995;0.1;1989;300;;;RUSSIA
1995;1;26;660;;;GREECE
1995;3;3;1.791;115;;CHILE
1995;0.28;;;;;PAPUA NEW GUINEA
1995;0.4;3;;;;MEXICO
1995;11;50;;;;MEXICO
1995;2.59;;;;;JAPAN
1995;1.5;;;;;JAPAN
1995;0.1;;;;;CHILE
1995;4;11;;;;EGYPT
1995;1.1;;;;;RUSSIA
1996;3.43;9;1.2;400;;INDONESIA
1996;2;;;;;GREECE
1996;30;;;;;RUSSIA
1996;7.7;164;4.2;5043;;INDONESIA
1996;5.04;12;;15;22;PERU
1996;0.1;;;;;MEXICO
1996;0.5;;;;;SWITZERLAND
1996;0.51;;;;;USA
1996;0.18;;;;;USA
1996;0.3;;;;;JAPAN
1996;0.09;;;;;CHILE
1996;0.11;;;;;TAIWAN
1996;0.2;;;;;JAPAN
1996;0.55;;;;;JAPAN
1996;0.4;14;;;4000;PERU
1996;0.2;;;;;JAPAN
1997;2;;;;;NEW CALEDONIA
1997;15;;0.3;;;HONDURAS
1997;;;;;;AUSTRALIA
1997;3;;;7;;SOLOMON ISLANDS
1997;;81;81;;;VENEZUELA
1997;0.03;;;;;JAPAN
1997;0.1;;;;;TONGA
1997;8;;;;;RUSSIA
1997;8;;;;;RUSSIA
1997;3;;;;;MONTSERRAT
1998;6;;;;;NORWAY
1998;0.01;;;;;ANTARCTICA
1998;0.13;;;;;TAIWAN
1998;0.01;;;;;JAPAN
1998;15.03;1636;;;;PAPUA NEW GUINEA
1998;2.75;41;200;1000;;INDONESIA
1999;2;;;;;MONTSERRAT
1999;2.52;17118;20000;;50000;TURKEY
1999;8;;;;;FRENCH POLYNESIA
1999;6.6;10;;;;VANUATU
2000;20;;;300;;PHILIPPINES
2000;0.5;;;;;GREECE
2000;6;46;30;10000;;INDONESIA
2000;0.3;;;;;AUSTRALIA
2000;0.07;1;;;;JAPAN
2000;0.07;;;;20;JAPAN
2000;0.14;;;;;JAPAN
2000;4.6;;;;;USA
2000;3;2;;;;PAPUA NEW GUINEA
2000;50;;;;;GREENLAND
2000;;;;;;RUSSIA
2001;0.25;844;753;108226;169632;EL SALVADOR
2001;8.8;103;200;25399;;PERU
2001;0.11;;;;;CANADA
2001;0.16;;;;;TAIWAN
2002;3;;;;;VANUATU
2002;3;15;1.714;;800;PHILIPPINES
2002;4;;;;;GREECE
2002;0.05;;;;;JAPAN
2002;0.2;5;;100;;TAIWAN
2002;5.5;4;;;873;PAPUA NEW GUINEA
2002;;2;;40;;INDIA
2002;5;8;;1000;900;INDONESIA
2002;;;;;;NEW ZEALAND
2002;10.9;;;;;ITALY
2003;2;;;;;SOLOMON ISLANDS
2003;0.61;29;;2005;6615;MEXICO
2003;3;2287;5000;19000;163000;ALGERIA
2003;0.08;9;;;;ALGERIA
2003;4;;;;;MONTSERRAT
2003;;;;;;ANTARCTICA
2003;0.5;;;;;GREECE
2003;0.15;;;;;NEW ZEALAND
2003;4.4;2;90;;;JAPAN
2003;0.32;;;;;JAPAN
2003;0.33;;;;;USA
2003;0.15;;;;;NEW CALEDONIA
2004;;;;;;INDONESIA
2004;1;;;;;JORDAN
2004;0.63;;;;;JAPAN
2004;0.93;;;;;JAPAN
2004;0.06;;;;;CANADA
2004;2;34;;781;16712;INDONESIA
2004;2;1;;;;GUADELOUPE (FRENCH TERRITORY)
2004;;;;;;NEW ZEALAND
2004;0.12;;;;;JAPAN
2004;0.3;;;;;AUSTRALIA
2004;50.9;227899;10000;;;INDONESIA
2005;0.39;;;;;JAPAN
2005;;;;;;GUADELOUPE (FRENCH TERRITORY)
2005;4.2;1313;;300;;INDONESIA
2005;0.4;;;;;INDONESIA
2005;0.1;;;;;USA
2005;0.05;;;1;;JAPAN
2005;0.42;;;;;JAPAN
2005;0.08;;;;;CANADA
2006;;;;;;JAPAN
2006;9;;;;;USA
2006;3.5;4;1;241;;INDONESIA
2006;0.27;;;;;TONGA
2006;1;;;;;MONTSERRAT
2006;6;;33;;;SPAIN
2006;20.9;802;55;1623;;INDONESIA
2006;;1;;;;SOUTH KOREA
2006;0.08;;;;;SAMOA
2006;0.1;;;;;USA
2006;0.15;;;;;TAIWAN
2006;21.9;;;;;RUSSIA
2006;0.07;2;;;;TAIWAN
2007;0.4;;;;;RUSSIA
2007;0.08;;;;;VANUATU
2007;0.1;1;;513;;JAPAN
2007;1.65;4;2;;;SOUTH KOREA
2007;12.1;52;;2500;500;SOLOMON ISLANDS
2007;50;10;;;2;CHILE
2007;3;;;;;BULGARIA
2007;10;;;;;PAPUA NEW GUINEA
2007;50;8;;15;;CHINA
2007;;9;;875;;JAPAN
2007;3.2;2;;11;20;RUSSIA
2007;0.03;;;;;USA
2007;10.05;514;;52154;23632;PERU
2007;0.05;;;;;SOLOMON ISLANDS
2007;5;25;;56425;;INDONESIA
2007;0.35;;;;;NEW ZEALAND
2007;0.28;2;;;;CHILE
2007;;;;;;MARTINIQUE (FRENCH TERRITORY)
2007;38;;;;;CANADA
2007;0.03;;;;;KERMADEC ISLANDS
2008;0.12;;;;;INDONESIA
2008;0.16;;;;;NEW CALEDONIA
2008;0.03;;;;;VANUATU
2008;1.3;9;;;;SOUTH KOREA
2008;;87652;86000;5360000;;CHINA
2008;0.2;;;;;JAPAN
2008;0.19;;;;;USA
2008;2.55;;;;;SOUTH AFRICA
2008;0.09;6;;;1000;JAPAN
2008;3.6;;0.02;;;USA
2008;0.13;6;;;1000;INDONESIA
2008;13.1;;0.746;;;CHINA
2009;0.39;5;;;840;INDONESIA
2009;;;;;;INDONESIA
2009;0.11;;;;;RUSSIA
2009;0.13;;;;597;INDONESIA
2009;0.15;;;;;TONGA
2009;4;7;;135;25;HONDURAS
2009;0.3;;;;;GREECE
2009;0.47;;;;;NEW ZEALAND
2009;0.01;;;;;INDIA
2009;0.6;1;;5192;;JAPAN
2009;0.18;;;;;INDONESIA
2009;;;;;;USA
2009;0.4;81;;;54000;INDONESIA
2009;22.35;192;285;;;SAMOA
2009;0.27;1117;2200;;181665;INDONESIA
2009;0.29;;;;;VANUATU
2010;;1;;;;SOUTH KOREA
2010;0.01;;;;;SOLOMON ISLANDS
2010;7.52;;;16;60;SOLOMON ISLANDS
2010;0.03;;;;;SOLOMON ISLANDS
2010;3.21;316000;8000;97294;188383;HAITI
2010;0.1;;;;;JAPAN
2010;29;558;30000;;500000;CHILE
2010;0.14;;;;;CHILE
2010;0.44;;;;;INDONESIA
2010;23;1;;50;;PERU
2010;;;;;;COOK ISLANDS
2010;0.04;;;;;USA TERRITORY
2010;0.03;;;;;INDIA
2010;0.23;;;;;VANUATU
2010;0.07;;;;;USA TERRITORY
2010;16.9;431;39;700;;INDONESIA
2010;0.13;;;;;JAPAN
2010;4.1;;;;;VANUATU
2011;0.03;;;;;VANUATU
2011;0.15;;;;;CHILE
2011;3.5;185;15000;100000;;NEW ZEALAND
2011;0.6;;;;;JAPAN
2011;39.26;18429;220136.6;123661;280920;JAPAN
2011;0.08;3;;;;JAPAN
2011;0.03;;;;;NEW CALEDONIA
2011;0.1;;;;;USA
2011;0.4;;;;;UK
2011;1.2;;;;;NEW ZEALAND
2011;0.09;;;;;JAPAN
2011;1.5;;;;;NORWAY
2011;;;;;;NORWAY
2011;0.19;;;;;VANUATU
2011;0.15;;;;;VANUATU
2011;0.06;;;;;USA
2011;0.14;;;;;NEW ZEALAND
2012;0.08;;;;;VANUATU
2012;0.05;;;;;VANUATU
2012;0.2;;;;;JAPAN
2012;0.2;2;600;800;;MEXICO
2012;1.08;10;;;;INDONESIA
2012;;;;;;INDONESIA
2012;;;;;;VANUATU
2012;;;;;;GREENLAND
2012;6.3;;;;;EL SALVADOR
2012;0.15;1;0.3;;;PHILIPPINES
2012;0.16;2;;;;COSTA RICA
2012;12.98;1;;;;CANADA
2012;0.35;48;210;2769;7561;GUATEMALA
2012;1;;;;;JAPAN
2012;;;;;;CHINA
2013;1.5;;;;;USA
2013;11;10;36;588;478;SOLOMON ISLANDS
2013;0.09;;;;;SOLOMON ISLANDS
2013;0.2;;;;;RUSSIA
2013;0.13;;;;;MEXICO
2013;1.8;;;;;USA
2013;0.01;;;;;GREECE
2013;0.07;;;;35;NEW ZEALAND
2013;0.08;;;;;NEW ZEALAND
2013;0.57;825;;32638;14118;PAKISTAN
2013;0.01;;;;;GREECE
2013;0.4;;;;;JAPAN
2013;0.15;;;;;ANTARCTICA
2014;0.26;;;;;CHILE
2014;4.63;7;100;;2600;CHILE
2014;0.74;;;;;CHILE
2014;0.05;;;;;SOLOMON ISLANDS
2014;0.16;;;;;SOLOMON ISLANDS
2014;0.43;;;;127;MEXICO
2014;0.11;;;;;PAPUA NEW GUINEA
2014;0.16;3;4500;;;GREECE
2014;0.13;;;;;NEW ZEALAND
2014;0.17;;;;;USA
2014;2.5;;;;;SPAIN
2014;2;;;;;UKRAINE
2014;0.2;;;;;JAPAN
2014;60;;;;;ICELAND
2014;0.08;;;;;USA
2014;0.47;;;;;CHILE
2014;0.02;1;;5;41;EL SALVADOR
2014;0.09;;;;;INDONESIA
2015;0.27;;;;;JAPAN
2015;8;;;;;VANUATU
2015;0.5;;;;;PAPUA NEW GUINEA
2015;0.6;;;;;JAPAN
2015;1;;;;;PAPUA NEW GUINEA
2015;;;;;;NORWAY
2015;6.2;2;;;;CHINA
2015;0.18;;;;;SCOTLAND
2015;0.01;;;;;SOLOMON ISLANDS
2015;0.09;;;;;SOLOMON ISLANDS
2015;0.08;;;;;USA
2015;13.6;15;600;2305;10044;CHILE
2015;193;;;;;USA
2015;0.55;;;;;CHILE
2015;0.3;;;;;JAPAN
2015;0.15;2;;1;;GREECE
2015;0.1;;;;;SOLOMON ISLANDS
2016;0.02;1;;;;MOROCCO
2016;0.21;;;;;INDONESIA
2016;0.5;663;3300;6998;29672;ECUADOR
2016;0.02;;;;;VANUATU
2016;0.19;;;;;NEW CALEDONIA
2016;0.1;;;;;UK TERRITORY
2016;0.01;;;;;JAPAN
2016;0.21;;;;;NEW ZEALAND
2016;6.9;2;3900;1;;NEW ZEALAND
2016;1.44;;;;;JAPAN
2016;0.08;;;;;NICARAGUA
2016;0.43;1;;191;126;SOLOMON ISLANDS
2016;0.05;;;;;SOLOMON ISLANDS
2016;0.08;;;;;PAPUA NEW GUINEA
2016;0.44;;;;;CHILE
2017;0.01;;;;;FIJI
2017;0.04;3;;;;PAPUA NEW GUINEA
2017;3;5;10;85;;IRAN
2017;0.16;;;;;CHILE
2017;0.2;;;1;;PHILIPPINES
2017;0.06;;;;;USA
2017;2;;;;;NETHERLANDS
2017;0.4;1;;10;250;GREECE
2017;90;4;;11;;GREENLAND
2017;0.1;;;;;RUSSIA
2017;8;;;1;;COLOMBIA
2017;1.9;2;;;;TURKEY
2017;2.7;98;4000;47468;94027;MEXICO
2017;0.15;;;;;NEW CALEDONIA
2017;0.1;;;;;NEW CALEDONIA
2017;8.5;1;;3;3;VIETNAM
2017;0.05;;;;;NEW CALEDONIA
2017;0.08;;;;;NEW CALEDONIA
2017;0.37;;;;;NEW CALEDONIA
2017;0.5;;;;;KERMADEC ISLANDS
2018;0.4;;;;7;HONDURAS
2018;0.15;;;;;PERU
2018;0.25;;;;;USA
2018;1;;;;;PAPUA NEW GUINEA
2018;0.4;;370;716;;USA
2018;0.15;;;;;JAPAN
2018;0.22;;;;;USA
2018;0.75;1;;;;SPAIN
2018;2.5;17;;5448;;INDONESIA
2018;2;560;509;;83392;INDONESIA
2018;;;;;;FIJI
2018;;2;;;1705;INDONESIA
2018;;5;;;;VENEZUELA
2018;0.27;;;;;NEW CALEDONIA
2018;10.73;4340;1500;3673;39191;INDONESIA
2018;0.05;;;;;NEW CALEDONIA
2018;0.5;;;;120;GREECE
2018;2;;;;;NEW CALEDONIA
2018;90;;;;;RUSSIA
2018;85;437;250;;2844;INDONESIA
2019;2.9;;;;;JAPAN
2019;1.75;;;;;USA
2019;;;;;;PAPUA NEW GUINEA
2019;0.07;;;;;CHILE
2019;0.14;;;;;NEW ZEALAND
2019;0.1;;;;144;JAPAN
2019;0.3;;;;;ITALY
2019;0.11;1;;;36;INDONESIA
2020;0.06;4;800;300;1390;USA TERRITORY
2020;0.11;;;1;;CUBA
2020;0.5;;;;;RUSSIA
2020;0.5;;;;;USA
2020;0.35;;;;;GREECE
2020;3;1;;;;INDONESIA
2020;0.5;;;;;USA
2020;0.11;;;;;NEW ZEALAND
2020;1.57;10;;;8123;MEXICO
2020;0.24;;;;;USA
2020;0.76;;;;;USA
2020;3.8;118;400;;;TURKEY
2020;0.5;;;;;SPAIN
2020;0.16;;;;;CHILE
2021;0.04;;;;;ANTARCTICA
2021;0.78;;;;;NEW CALEDONIA
2021;0.28;;;;;NEW ZEALAND
2021;0.31;;;;;NEW ZEALAND
2021;1;;;;;NEW ZEALAND
2021;0.06;;;;;ALGERIA
2021;0.5;;;;;INDONESIA
2021;0.5;;;;;USA
2021;0.05;1;;;;PHILIPPINES
2021;0.64;;;;;UK TERRITORY
2021;;2248;;53815;83770;HAITI
2021;0.48;3;;;7317;MEXICO
2021;;;;;;GREECE
